{"Silhouette": 0.1033712774515152, "Calinski-Harabasz": 56.18400827955846, "Davies-Bouldin": 3.0545111247938177}