{"Silhouette": 0.10014398396015167, "Calinski-Harabasz": 54.49505146862715, "Davies-Bouldin": 3.1958951218878116}